Lambda max (DA factor),Learning Rate,Gamma (focal loss),Best Validation Accuracy
0.1,0.001,2.0,0.8096874821931124
1.0,0.001,2.0,0.8328124843537807
10.0,0.001,2.0,0.747499986551702
0.1,0.0005,2.0,0.8074999833479524
