Gamma,Dropout Rate,Best Validation Accuracy
2.0,0.0,0.9471428734915597
2.0,0.5,0.9385714105197361
2.0,0.2,0.9335714493479047
5.0,0.0,0.9478571329798017
5.0,0.5,0.9385714360645839
5.0,0.2,0.9499999965940203
