{"training_total_losses": [2.185842275619507, 2.0547337532043457, 1.907531499862671, 1.331093430519104, 1.1830929517745972, 1.0850359201431274, 1.202857255935669, 1.0042189359664917, 0.7606658935546875, 0.6748709678649902, 0.5887846350669861, 0.4299214780330658, 0.5786204934120178, 0.30515944957733154, 0.3892618715763092, 0.4523935317993164, 0.3870733380317688, 0.37580233812332153, 0.24771228432655334, 0.26460206508636475, 0.2366154044866562, 0.25047433376312256, 0.2774921655654907, 0.13839809596538544, 0.12126938253641129, 0.16491520404815674, 0.15420454740524292, 0.24157918989658356, 0.13096097111701965, 0.15060052275657654, 0.22905117273330688, 0.10086018592119217, 0.10274425148963928, 0.25139403343200684, 0.16782169044017792, 0.07767389714717865, 0.16614824533462524, 0.16695500910282135, 0.10763987898826599, 0.08247294276952744, 0.15642529726028442, 0.09613287448883057, 0.08269955962896347, 0.04711538925766945, 0.14284318685531616, 0.11400143802165985, 0.06701233983039856, 0.09989292919635773, 0.07720816135406494, 0.07873620092868805, 0.08664613962173462, 0.07639547437429428, 0.06211218237876892, 0.059159837663173676, 0.05363961309194565, 0.08906928449869156, 0.07874070852994919, 0.07484409958124161, 0.07826918363571167, 0.043482705950737, 0.03993552550673485, 0.0890907272696495, 0.0969490259885788, 0.047256339341402054, 0.08988852798938751, 0.09232155233621597, 0.05397697538137436, 0.04397350177168846, 0.07913956791162491, 0.07788272947072983, 0.08706317096948624, 0.04003173112869263, 0.06153353676199913, 0.05400853604078293, 0.041222747415304184, 0.08339183777570724, 0.05058237165212631, 0.044162049889564514, 0.08475668728351593, 0.04670180380344391, 0.049940042197704315, 0.04267929866909981, 0.05171223729848862, 0.05794670432806015, 0.033360812813043594, 0.05613221973180771, 0.038720980286598206, 0.05422093719244003, 0.033031072467565536, 0.029074817895889282, 0.04869385063648224, 0.0417252853512764, 0.030810099095106125, 0.04612727463245392, 0.04233195632696152, 0.036110930144786835, 0.03709915652871132, 0.029365791007876396, 0.03808434680104256, 0.031811777502298355, 0.03283599764108658, 0.0320030152797699, 0.03730140998959541, 0.043689072132110596, 0.024057980626821518, 0.03157709166407585, 0.04805346205830574, 0.034746669232845306, 0.025825537741184235, 0.05449974909424782, 0.04512561112642288, 0.04472523182630539, 0.030018065124750137], "training_coral_losses": [3.104499910477898e-07, 0.00014077780360821635, 0.05916176736354828, 0.12652796506881714, 2.5214505195617676, 15.931609153747559, 16.32413101196289, 13.92032527923584, 7.309732437133789, 8.297945976257324, 32.07036209106445, 36.92206573486328, 69.72807312011719, 25.670364379882812, 23.597002029418945, 23.507701873779297, 17.64177894592285, 13.95078182220459, 12.461326599121094, 16.163015365600586, 25.89158058166504, 36.730125427246094, 41.177528381347656, 13.653690338134766, 15.768136024475098, 29.00438690185547, 8.267807006835938, 3.5137081146240234, 6.933548927307129, 8.371109962463379, 11.459800720214844, 12.97637939453125, 15.523826599121094, 18.772096633911133, 11.463156700134277, 6.869022846221924, 5.7914581298828125, 12.901670455932617, 2.840193510055542, 3.024428367614746, 5.294255256652832, 9.297636985778809, 4.092228412628174, 3.1748411655426025, 11.713833808898926, 9.781638145446777, 8.074280738830566, 15.42475414276123, 6.329110145568848, 3.820582866668701, 4.148961544036865, 4.454857349395752, 4.16823673248291, 4.432345867156982, 3.6765758991241455, 3.4303176403045654, 5.0229997634887695, 3.0891740322113037, 5.542216777801514, 3.102301597595215, 1.7442402839660645, 2.810715436935425, 6.478797435760498, 2.830381393432617, 5.84940767288208, 2.030160665512085, 2.2763335704803467, 1.4658246040344238, 2.5590810775756836, 2.6424238681793213, 2.0877668857574463, 2.40975284576416, 2.112184762954712, 5.695579528808594, 2.058682918548584, 4.01566219329834, 2.5317084789276123, 2.4004623889923096, 4.167283058166504, 2.5055952072143555, 1.3610870838165283, 1.9300593137741089, 1.997943639755249, 2.6113972663879395, 2.5147738456726074, 4.92824125289917, 2.0892515182495117, 5.408470153808594, 1.59833562374115, 2.0008556842803955, 1.5669692754745483, 1.912563443183899, 1.777048110961914, 1.8668773174285889, 0.9948810338973999, 1.5998573303222656, 1.3938015699386597, 1.2394241094589233, 1.4216784238815308, 2.282409429550171, 2.317166328430176, 2.7032551765441895, 1.8514679670333862, 2.428861141204834, 1.5803393125534058, 1.337669014930725, 3.030182123184204, 1.3758436441421509, 0.8269228339195251, 0.875980794429779, 2.570277452468872, 1.5022540092468262, 1.398929476737976], "gen_training_classification_losses": [2.185842275619507, 2.0547337532043457, 1.9075210094451904, 1.3310598134994507, 1.1822004318237305, 1.077986478805542, 1.1941895484924316, 0.9955956935882568, 0.7554908394813538, 0.6682620048522949, 0.5604037642478943, 0.39397963881492615, 0.5045729875564575, 0.27562716603279114, 0.36002665758132935, 0.421188622713089, 0.36209383606910706, 0.35481444001197815, 0.2278623878955841, 0.237425297498703, 0.190789595246315, 0.18221481144428253, 0.1973235160112381, 0.11060740053653717, 0.08777953684329987, 0.10074619948863983, 0.1351812779903412, 0.2331836074590683, 0.11378049850463867, 0.12911714613437653, 0.19862692058086395, 0.06526126712560654, 0.058782968670129776, 0.19657285511493683, 0.13333077728748322, 0.05639816075563431, 0.1476975828409195, 0.12471059709787369, 0.09808878600597382, 0.07203464955091476, 0.13768456876277924, 0.06239808350801468, 0.06748950481414795, 0.03503413498401642, 0.09723180532455444, 0.07504801452159882, 0.03414358198642731, 0.03573686629533768, 0.05032344534993172, 0.06216907501220703, 0.06828790158033371, 0.05628947913646698, 0.04293091595172882, 0.03837095946073532, 0.03607013449072838, 0.07237304747104645, 0.05384796857833862, 0.059261541813611984, 0.049822404980659485, 0.02728484570980072, 0.030674073845148087, 0.07391783595085144, 0.061401642858982086, 0.03147633746266365, 0.056759145110845566, 0.08064363896846771, 0.04068157449364662, 0.035282328724861145, 0.06373979151248932, 0.06174757704138756, 0.0741301029920578, 0.024890804663300514, 0.048075366765260696, 0.017214087769389153, 0.02774110808968544, 0.056739211082458496, 0.03355495259165764, 0.027804914861917496, 0.05599137023091316, 0.029184812679886818, 0.0403040274977684, 0.028844360262155533, 0.03721388429403305, 0.038765642791986465, 0.014666919596493244, 0.01906137727200985, 0.02282048389315605, 0.012580501846969128, 0.020583858713507652, 0.013315865769982338, 0.03621356561779976, 0.026323227211833, 0.016342097893357277, 0.03076271153986454, 0.034055955708026886, 0.02266080304980278, 0.025258012115955353, 0.018726486712694168, 0.025754746049642563, 0.011815445497632027, 0.012330099940299988, 0.007841176353394985, 0.02058904431760311, 0.021549897268414497, 0.009513264521956444, 0.019147424027323723, 0.019628746435046196, 0.021718770265579224, 0.017922205850481987, 0.046050023287534714, 0.020105209201574326, 0.02996857650578022, 0.01615256816148758],